srf816;ej best.
zvk289;ej best.
nwj454;ej best.
nvz402;ej best.
mrd716;ej best.
krq162;ej best.
stq729;ej best.
bfm757;ej best.
dsb267;ej best.
fcg426;ej best.
plg353;ej best.
bgd102;ej best.
nmr175;ej best.
dpt938;ej best.
rds735;ej best.
rxt142;ej best.
nrh209;ej best.
mqj879;ej best.
qcm275;ej best.
gmf989;ej best.
vqr700;ej best.
kcj601;ej best.
mnj899;ej best.
wvf421;ej best.
qkl503;ej best.
hpr733;ej best.
pfg726;ej best.
ljs735;ej best.
xgl120;ej best.
lwx604;ej best.
ldb336;ej best.
fzk500;ej best.
fzc513;ej best.
fvx507;ej best.
wxd401;ej best.
stb813;ej best.
nms451;ej best.
ctm546;ej best.
vzj621;ej best.
vrs522;ej best.
pts716;ej best.
cts368;ej best.
xnw215;ej best.
cnt100;ej best.
rcz855;ej best.
cwv180;ej best.
vsc231;ej best.
vnc741;ej best.
hlj882;best.
bfr814;best.
xhl918;best.
wql669;best.
qwx344;best.
qfr834;best.
hpn761;best.
bjx542;best.
kns832;best.
brk187;best.
xnt332;best.
cjf470;best.
fxg358;best.
mdg232;best.
mvf956;best.
xzw443;best.
tfk499;best.
qlx343;best.
crd551;best.
rnq851;best.
stl145;best.
nws528;best.
lzk442;best.
dgr992;best.
mcp255;best.
fdt981;best.
kzl542;best.
nfg564;best.
shm302;best.
rfh717;best.
zjn886;best.
gsp117;best.
vmc391;best.
lwz746;best.
crn424;best.
blx594;best.
xkh299;best.
cpr277;best.
vrs137;best.
tqj452;best.
qlx797;best.
trz612;best.
bmz927;best.
fwv366;best.
pbs125;best.
snk210;best.
tlr453;best.
brt837;best.
mbv681;best.
rsb786;best.
pln924;best.
mvh283;best.
lgm436;best.
czj245;best.
rtz163;best.
qbf937;best.
zfj900;best.
jxk762;best.
lwr500;best.
xvf946;best.
wtk866;best.
pfv304;best.
nmq557;best.
hfv389;best.
rlj167;best.
qmj811;best.
zvc611;best.
kzg683;best.
lbt381;best.
ldq218;best.
lwb290;best.
zmr905;best.
xrl165;best.
dbt876;best.
pwh334;best.
nqp691;best.
vgn209;best.
swn848;best.
crw625;best.
hnc643;best.
gqr701;best.
mqt615;best.
xtn528;best.
hfd121;best.
gbt989;best.
sjp318;best.
qln174;best.
zkm938;best.
khp427;best.
tgl151;best.
lqx292;best.
nzv842;best.
skq225;best.
fgp998;best.
qgt268;best.
fms719;best.
jtc303;best.
jzm700;best.
chq768;best.
nkd227;best.
jpm687;best.
xck773;best.
xgd729;best.
scr411;best.
gkl485;best.
twz891;best.
prt548;best.
jrk712;best.
qbd889;best.
wkl125;best.
tdb196;best.
cbl626;best.
npm981;best.
jmx283;best.
gkp873;best.
hvw866;best.
btq373;best.
zhv649;best.
rvs299;best.
sbt219;best.
kfg364;best.
mpx651;best.
rzp373;best.
jxk767;best.
qxr863;best.
txs659;best.
zfl619;best.
bft727;best.
kvn491;best.
snk239;best.
grc196;best.
pcm787;best.
tpq361;best.
vhk871;best.
lqg580;best.
qch898;best.
gbv767;best.
ktm249;best.
kfc206;best.
vfk540;best.
gft756;best.
xfz251;best.
lkr971;best.
vmj372;best.
cwz688;best.
gwf782;best.
zth422;best.
zfq749;best.
vqb877;best.
pzq560;best.
fzt978;best.
hkm807;best.
qck925;best.
xbf852;best.
tlr180;best.
rpb727;best.
ncx523;best.
wlf138;best.
xpz598;best.
hdz875;best.
xcf619;best.
hjp844;best.
lbw110;best.
ngw908;best.
lvf228;best.
qzj408;best.
mlx741;best.
fpk406;best.
bgs509;best.
cxr742;best.
vpg448;best.
tjz944;best.
vsz718;best.
bfr555;best.
tjc725;best.
sdb472;best.
svp276;best.
nfk216;best.
kwh786;best.
qkj272;best.
rzv419;best.
skm861;best.